ID,Group
P210_2,P210
P210_3,P210
P210_4,P210
P270_3,P270
P270_4,P270
P570_1,P570
P570_2,P570
P570_3,P570
P570_4,P570
P790_1,P790
P790_2,P790
P930_1,P930
P930_2,P930
P930_3,P930
P930_4,P930
P1060_1,P1060
P1060_2,P1060
P1060_3,P1060
P1060_4,P1060
P1260_1,P1260
P1260_2,P1260
P1260_3,P1260
P1260_4,P1260
P1500_1,P1500
P1500_2,P1500
P1500_3,P1500
P1500_4,P1500
P1800_1,P1800
P1800_2,P1800
P1800_3,P1800
P1800_4,P1800
P2500_1,P2500
P2500_2,P2500
P2500_3,P2500
P2500_4,P2500
PQ2500_1,PQ2500
PQ2500_2,PQ2500
PQ2500_3,PQ2500
PQ2500_4,PQ2500
P3550_1,P3550
P3550_2,P3550
P3550_3,P3550
P3550_4,P3550